FileName,Predict_Number
8.5,8.3,5.0,8.5,6.5,7.7,7.5,7.0,6.5,8.0,6.0,7.0,7.0,5.7,8.7,7.0,7.1,8.0,8.4,9.3,10.3,13.5,14.5,9.0,13.0,10.0,11.0,16.0,16.4,13.5,14.8,12.9,22.0,16.5,16.0,18.3,15.0,16.0,18.0,15.0,15.0,16.0,16.0,22.0,25.0,23.5,21.3,18.0,20.5,17.5
2.4593768,2.5584157,3.2062612,2.9999285,3.3417742,3.549106,2.8807437,3.0213788,2.8627784,2.8977158,3.202252,3.4773262,3.051386,3.1666121,2.5554507,2.4086463,2.9971156,2.9620826,2.6953042,2.0587897,2.3544598,1.8000809,1.7937548,2.4170032,1.2738489,1.6281255,2.2183428,1.7511935,2.5357842,2.0849826,2.1169577,1.5936713,1.9838707,1.856687,2.1960084,2.268895,2.1327698,1.5768116,1.6740745,1.9210792,1.5424898,1.320803,1.0739126,2.642235,2.2378356,1.7319533,1.9749047,1.4914861,1.7891036,2.4493563,156.40926,95.36547
13.324767,13.722252,17.522781,8.555973,10.096409,19.722382,7.7027965,14.827338,9.485917,12.015711,23.908598,19.059978,16.91072,8.800462,18.00292,19.124157,11.258683,17.059547,19.441828,15.362586,9.887413,11.364764,17.00239,15.209585,10.499057,16.09282,14.9312935,12.01722,19.011042,12.411696,13.32432,12.55749,17.413282,14.716027,17.788536,24.47753,12.733713,20.436956,22.259886,13.083323,12.739137,16.82589,11.619643,18.972103,21.73085,19.404692,20.802645,18.571344,22.308634,27.743925,40.512352,50.87264
