FileName,Predict_Number
8.5,8.3,5.0,8.5,6.5,7.7,7.5,7.0,6.5,8.0,6.0,7.0,7.0,5.7,8.7,7.0,7.1,8.0,8.4,9.3,10.3,13.5,14.5,9.0,13.0,10.0,11.0,16.0,16.4,13.5,14.8,12.9,22.0,16.5,16.0,18.3,15.0,16.0,18.0,15.0,15.0,16.0,16.0,22.0,25.0,23.5,21.3,18.0,20.5,17.5
-0.96969163,-0.52366483,-0.33062991,-0.82476294,-0.4034999,-0.6176678,-0.8086437,-0.8618827,-0.56382716,-0.7528262,-1.0632037,-0.6355886,-0.77272946,-0.6072148,-1.06346,-0.76084816,-0.9849409,-1.4923819,-1.1739932,0.75566727,0.94499874,0.52320886,0.7503215,1.0630425,1.0283936,0.98796,1.0342591,1.0266914,0.95735884,0.9921185,1.7594197,1.2078791,1.3203351,1.5100118,1.3957732,1.1036607,1.3620617,1.8017681,1.5585442,0.9236864,0.8939794,1.044457,1.6277813,0.52102757,1.3061585,0.6994502,1.6685783,1.4103004,0.451435,1.8025513,188.39493,92.89215
2.5937123,2.509671,3.4033697,3.2526488,3.0125813,1.110556,3.0197265,3.0008059,3.5253315,4.4823303,2.7172003,4.9458723,3.334413,2.1755435,1.2162008,3.7718256,2.582394,2.1032007,2.0476906,6.789454,6.4602675,4.397145,5.8960223,6.018435,4.144713,4.4908543,5.487285,7.6770844,6.5452724,7.9983616,6.445868,5.6143537,6.9745007,7.154271,9.00414,5.991545,7.3407044,8.755811,8.077639,4.800344,3.9644344,7.937215,3.3860493,9.336681,9.565422,9.883941,8.08719,6.8955255,6.557724,9.051205,74.74505,41.997868
