FileName,Predict_Number
8.5,8.3,5.0,8.5,6.5,7.7,7.5,7.0,6.5,8.0,6.0,7.0,7.0,5.7,8.7,7.0,7.1,8.0,8.4,9.3,10.3,13.5,14.5,9.0,13.0,10.0,11.0,16.0,16.4,13.5,14.8,12.9,22.0,16.5,16.0,18.3,15.0,16.0,18.0,15.0,15.0,16.0,16.0,22.0,25.0,23.5,21.3,18.0,20.5,17.5
9.90793,9.836479,9.895144,9.930131,9.957292,9.892436,9.79473,9.862289,9.927065,9.890362,9.814476,9.874264,9.891281,9.938273,9.906319,9.987239,9.834281,9.980982,9.872773,10.000523,10.013042,9.960048,10.023772,10.010381,9.892502,9.880539,9.916967,9.861225,9.897917,9.891591,9.9039755,9.838785,9.814869,9.89416,9.877281,9.915166,9.852375,9.845619,9.880084,9.888647,9.909118,9.857243,9.887783,9.880218,10.040851,9.553749,9.850745,9.9807005,9.657346,9.919134,41.89891,116.06731
12.742082,12.695343,12.83054,12.710246,12.80919,12.650106,12.471886,12.443699,12.4472,12.68014,12.484628,12.710458,12.566449,12.644553,12.489439,12.516561,12.507216,12.56623,12.524736,12.45461,12.439295,12.94962,12.591297,12.449304,12.659675,12.286662,12.536304,12.885556,13.338355,12.431532,12.881122,12.869328,14.19952,13.868118,12.729182,13.116107,12.957082,13.936922,14.183947,12.838367,12.648316,12.652976,12.629481,14.744077,15.645372,15.958363,14.571012,13.8905115,14.670967,14.983306,21.599722,21.112013
